{
    "accuracy": 0.7912652536929994,
    "precision": 0.7832258064516129,
    "recall": 0.7945026178010471,
    "auc": 0.871385255805048
}