{
    "accuracy": 0.7944765574823378,
    "precision": 0.7860824742268041,
    "recall": 0.7984293193717278,
    "auc": 0.8710435882030595
}